title,channel,description,youtube_url,video_id,search_query
Percussion Intro,Kyrylo Zaplotynskyi - Topic,Provided to YouTube by DistroKid Percussion Intro Â· Kyrylo Zaplotynskyi Percussion Intro â„— Kyrylo Zaplotynskyi Released on: ...,https://www.youtube.com/watch?v=m3SnaJzJR7Y,m3SnaJzJR7Y,percussion intro
Josh Foster Intro Transcription ðŸ”¥ // (PDF at olliewoodsdrums.com),Ollie Woods Drums,,https://www.youtube.com/watch?v=DQBb-t18OLw,DQBb-t18OLw,percussion intro
Percussion instruments for kids - Musical Instruments,Smile and Learn - English,This video will teach your child all of the different musical instruments in the percussion family. A few of these instruments include ...,https://www.youtube.com/watch?v=0vrK1POQPiE,0vrK1POQPiE,percussion intro
Choose Your Instrument! | Percussion,The Cleveland Orchestra,The Cleveland Orchestra's Choose Your Instrument! web series guides beginners in choosing an orchestral instrument.,https://www.youtube.com/watch?v=v_h1EfMKmK4,v_h1EfMKmK4,percussion intro
Is This The Best Drum Intro Of All Time?,NateMuellerDrums,Hit the subscribe button if you enjoyed the video! Comment more songs you'd like me to play! Instagram: ...,https://www.youtube.com/watch?v=ITiPUnyl8Io,ITiPUnyl8Io,percussion intro
TOP 20 DRUM INTROS OF ALL TIME,Rick Beato,In this video I countdown my Top 20 Drum Intros of All-Time. Jack Jones Instagram - @jackjones_drums_official 30% OFF ...,https://www.youtube.com/watch?v=HmZCOpNC2HY,HmZCOpNC2HY,percussion intro
Can YOU guess this drum intro?,Aaron Paulsen,,https://www.youtube.com/watch?v=MqZg5zMWfnQ,MqZg5zMWfnQ,percussion intro
THIS INTRO MADE HISTORY!,El Estepario Siberiano,"ALL MY MERCH IS NOW ON AMAZON! JUST SEARCH Â¨EL ESTEPARIO SIBERIANOÂ¨ FOR SHIRTS, HATS, HOODIES, AND ...",https://www.youtube.com/watch?v=WKJJ4sUrL_c,WKJJ4sUrL_c,percussion intro
Percussion Intro Drums,MrClaps - Topic,Provided to YouTube by MusicAlligator Percussion Intro Drums Â· MrClaps Claps Action â„— Alec Koff Label Released on: ...,https://www.youtube.com/watch?v=2qMo--ErZPg,2qMo--ErZPg,percussion intro
That movie intro snare part,Sight Read Drums,"GET THE PDF FOR THIS PIECE: https://sightreaddrums.gumroad.com/l/ptpfd For some reason, this is one of the most requested ...",https://www.youtube.com/watch?v=Jc7o3yvsB_E,Jc7o3yvsB_E,percussion intro
